{
  "twilight sparkle": {
    "future": 66.29510036143803,
    "swirl": 64.50334089220998,
    "luna": 60.91982195375387,
    "lesson": 55.544543546069704,
    "send": 53.75278407684165
  },
  "applejack": {
    "yall": 258.0133635688399,
    "somethin": 120.04788443827968,
    "aint": 80.62917611526247,
    "bein": 71.6703787691222,
    "bloom": 69.21257418609092
  },
  "rainbow dash": {
    "awesome": 114.25567802148342,
    "daring": 51.986038541995896,
    "cool": 48.33894070139683,
    "maam": 35.8351893845611,
    "speed": 34.04342991533304
  },
  "rarity": {
    "darling": 191.7182632074019,
    "fabulous": 66.29510036143803,
    "simply": 57.12783901074171,
    "boutique": 43.00222726147332,
    "dress": 42.84587925805628
  },
  "fluttershy": {
    "angel": 82.42093558449052,
    "la": 37.62694885378915,
    "snooty": 32.25167044610499,
    "philomena": 30.459910976876934,
    "animals": 28.419034402957756
  },
  "pinkie pie": {
    "oink": 64.50334089220998,
    "woohoo": 57.33630301529776,
    "cranky": 51.961024607613595,
    "gummy": 50.16926513838554,
    "whee": 44.79398673070138
  }
}
